size,optimized,unoptimized
4000,2.46414723396,2.39605221748
10000,0.111618471146,0.115828895569
5000,2.02546962102,2.04017879168
15000,0.222916793823,0.219565200806
7500,0.0255132198334,0.0316428184509
2000,1.19522819519,1.18800177574
1000,0.641251802444,0.593461990356
12500,0.0944282531738,0.0463037490845
3000,1.80484280586,1.8362514019

