size,optimized,unoptimized
5000,0.0393716335297,0.0449484348297
15000,0.129686594009,0.146765804291
12500,0.124906110764,0.14577755928
7500,0.0541165351868,0.0259477615356
10000,0.144708156586,0.0775683879852

