size,optimized,unoptimized
10000,0.0392151355743,0.155437231064
5000,0.0801511764526,0.0798595905304
15000,0.105022668839,0.127740383148
7500,0.108525371552,0.0805441856384
12500,0.164114952087,0.182913541794

