size,optimized,unoptimized
100000,12.140021801,12.4040909767
150000,27.5542919636,28.1355287552
250000,76.7909475803,78.4853724003
200000,49.0861692905,50.2373098373
50000,2.93182029724,2.97879018784

