size,optimized,unoptimized
100000,12.1258233547,12.3743499756
150000,27.4865512371,28.1147294044
250000,76.8254917622,78.5096830845
200000,49.0514299393,50.1336534023
50000,2.91864395142,2.97624945641

