size,optimized,unoptimized
50000,4.20268363953,4.4120871067
150000,38.2966424227,40.9099371672
250000,115.94564422,125.351111285
100000,17.012631011,18.0956861973
200000,68.1696521044,72.8578698874

