size,optimized,unoptimized
524288,86.3927781105,73.6730731487
1310720,211.685996151,218.47034359
786432,120.120917034,110.396475172
65536,8.43791537285,12.0073852539
262144,41.70303092,43.6366064072

