size,optimized,unoptimized
1310720,203.71724844,193.616258478
524288,67.6777657986,62.4819687843
786432,96.4218052864,97.1020587444
65536,4.81561901569,8.68679406643
262144,16.7360034625,20.5095712662

