size,optimized,unoptimized
16,34.176097393,30.1454463959
17,138.038067579,120.65317502
13,0.524653148651,0.470714616776
14,2.1108604908,1.87277665138
15,8.46658840179,7.44159355164

