size,optimized,unoptimized
16,34.1871302128,30.1924153805
17,137.795302868,120.682256603
13,0.528819036484,0.470081567764
14,2.1112578392,1.86671466827
15,8.4979362011,7.43716034889

