size,optimized,unoptimized
2048,0.000991344451904,0.0012218952179
512,0.00112724304199,0.00108113288879
1024,0.00114698410034,0.00114526748657
16,0.000915193557739,0.000940608978271

