size,optimized,unoptimized
512,0.00105223655701,0.000960826873779
2048,0.00104122161865,0.000956535339355
16,0.00102958679199,0.00129022598267
1024,0.00119833946228,0.00108923912048

