size,optimized,unoptimized
512,0.337838387489,0.362662124634
2048,0.98748439153,0.937742296855
1024,0.76870906353,0.761125636101
256,0.160278296471,0.162774300575

