size,optimized,unoptimized
256,0.350006818771,0.318901348114
512,0.699321269989,0.634192228317
2048,2.93099966049,2.80157113075
1024,1.540076828,1.38694095612

