size,optimized,unoptimized
2048,2.98332681656,3.0851805687
512,0.682915210724,0.675612449646
256,0.322471046448,0.303267383575
1024,1.35086326599,1.40224895477

