size,optimized,unoptimized
8192,205.415784788,201.622801208
1024,20.7162751198,20.4375842094
128,1.97750897408,1.95756840706
4096,96.2344864368,94.5767752171
256,4.37260341644,4.32716784477

