size,optimized,unoptimized
8192,205.456044626,201.373938608
256,4.36219587326,4.31303706169
128,1.98710603714,1.97106752396
4096,96.1109227657,94.2845229626
1024,20.6951645851,20.4199115753

