size,optimized,unoptimized
100000,0.10761256218,0.107605361938
1000000,0.970315965017,0.978211116791
10000,0.0136580467224,0.0135966300964

