size,optimized,unoptimized
1000000,0.970690917969,0.971974579493
10000,0.0135923862457,0.0135980129242
100000,0.10803604126,0.108220672607

