size,optimized,unoptimized
150000,13.5520458221,13.5384329319
125000,9.5498650074,9.53870463371
175000,18.1856216431,18.1601834297
100000,6.25210518837,6.26647524834
75000,3.60866656303,3.60615186691

