size,optimized,unoptimized
75000,3.60225048065,3.60727381706
125000,9.5473962307,9.53882961273
175000,18.1467998028,18.1256204128
100000,6.26302676201,6.25179104805
150000,13.5766704082,13.5625144005

