size,optimized,unoptimized
175000,18.129392004,18.1456672192
125000,9.5507089138,9.53198342323
100000,6.23694143295,6.23081431389
150000,13.5148727894,13.526954174
75000,3.60043058395,3.59912619591

