size,optimized,unoptimized
8,0.00146656036377,0.00138201713562
9,0.00486717224121,0.00485677719116
10,0.0416466236115,0.0401220321655
11,0.429096603394,0.428352403641
12,5.05688405037,5.020454216

