size,optimized,unoptimized
8,0.00141019821167,0.00129761695862
9,0.00492253303528,0.00488343238831
10,0.0404211997986,0.0405510425568
11,0.427258968353,0.423089170456
12,5.06490631104,5.03255157471

