size,optimized,unoptimized
250000,15.5364239693,15.3936783314
50000,1.20840268135,1.07151741982
100000,3.06327776909,2.93649859428
200000,10.9893437862,10.917080164
150000,6.44705705643,6.66839785576

