size,optimized,unoptimized
50000,0.882225418091,0.974533033371
100000,3.15323624611,2.95793857574
250000,15.8182821751,15.9053996086
200000,10.8053842545,10.9471483707
150000,6.62588820457,6.79186797142

