size,optimized,unoptimized
50000,0.826728200912,0.786513233185
150000,6.35552196503,6.33956441879
250000,15.7544013977,15.3546676636
100000,2.82736997604,3.03875441551
200000,10.7294700623,10.8747600079

