size,optimized,unoptimized
5000,0.0401792049408,0.0537052154541
4000,0.0888547897339,0.132241821289
3000,0.0773188114166,0.0460875988007
2000,0.0382852554321,0.097399520874
1000,0.00195136070251,0.00182518959045

