size,optimized,unoptimized
4000,0.0525842189789,0.0303527832031
2000,0.0026020526886,0.00229964256287
5000,0.00267653465271,0.047269821167
3000,0.00207800865173,0.0168071746826
1000,0.00199451446533,0.00204834938049

