size,optimized,unoptimized
4000,1.24820911884,1.21657543182
0,0.0,0.0
5000,2.01189018885,2.01837134361
2000,0.598601508141,0.607345795631
1000,0.340474510193,0.297655797005
3000,0.958944535255,0.919092822075

