size,optimized,unoptimized
250000,76.5145683289,78.2106625557
100000,12.1053928375,12.3472529888
200000,48.9705287457,50.0242435455
150000,27.4500741005,28.0259289742
50000,2.91334562302,2.97533760071

