size,optimized,unoptimized
150000,27.4684817791,28.0156665802
50000,2.91684374809,2.97242622375
250000,76.5293506145,78.2243516445
100000,12.0962173939,12.3459355831
200000,48.9682822227,50.0424694538

