size,optimized,unoptimized
262144,25.5852821827,27.5179709911
65536,8.82528018951,7.88127140999

