size,optimized,unoptimized
65536,7.73024396896,9.48336467743
262144,29.7905856133,29.6610946178

