size,optimized,unoptimized
65536,3.190305233,4.49525341988
262144,9.25356330872,9.57321273486
0,0.0,0.0

