size,optimized,unoptimized
9,0.00484342575073,0.00436902046204
10,0.0127964496613,0.0127746105194
11,0.037053155899,0.0343110084534
12,0.133323144913,0.119062614441
13,0.524684000015,0.470163249969

