size,optimized,unoptimized
9,0.00536694526672,0.00423817634583
10,0.0146085739136,0.01256275177
11,0.0414703369141,0.0317724227905
12,0.134010601044,0.12107219696
13,0.524266004562,0.467070150375

