size,optimized,unoptimized
2048,3.00003476143,2.41707177162
512,0.708935165405,0.690638399124
1024,1.37098193169,1.30413899422
256,0.314338731766,0.283761739731

