size,optimized,unoptimized
256,0.301396846771,0.313726425171
2048,3.4856045723,3.34007139206
1024,1.36517162323,1.33327379227
512,0.66271481514,0.604906225204

