size,optimized,unoptimized
512,0.291625213623,0.302846312523
256,0.140487647057,0.14127202034
1024,0.667714357376,0.718304920197
0,0.0,0.0
2048,1.05016686122,0.965163262685

