size,optimized,unoptimized
16384,3.04631576538,3.49896206856
32768,4.85431334972,4.89995741844
65536,5.76746681531,6.01194542249
0,0.0,0.0

