size,optimized,unoptimized
16384,5.35892944336,4.43492903709
65536,15.0751842022,15.8640843391
32768,9.67857837677,11.9413659573

