size,optimized,unoptimized
65536,18.3506797791,18.0153468132
16384,4.57851595879,4.06052622795
32768,9.90554499626,7.88775696754

