size,optimized,unoptimized
256,4.36157822609,4.31055283546
1,24.0,24.0
128,1.97900724411,1.95388121605
4,96.0,96.0
8,192.0,192.0

