size,optimized,unoptimized
256,2.18244428635,2.15506799221
128,0.992629408836,0.979645800591
4,96.0,96.0
0,0.0,0.0
1,24.0,24.0
8,192.0,192.0

