size,optimized,unoptimized
8,192.0,192.0
1,24.0,24.0
128,1.97688231468,1.96059541702
4,96.0,96.0
256,4.35421848297,4.30462579727

